Where itâ€™s Happening on the Kennebec,Culture on the Kennebec,Color and Culture on the Kennebec,Where The River Meets the Rainbow,Hallowell Rocks on the River
Third Choice,First Choice,Second Choice,Fourth Choice,Fifth Choice
Second Choice,,First Choice,,
,Second Choice,First Choice,Third Choice,Fourth Choice
,First Choice,,Second Choice,
,First Choice,Second Choice,Third Choice,Fourth Choice
Second Choice,Third Choice,Fourth Choice,First Choice,Third Choice
Third Choice,Fifth Choice,First Choice,Second Choice,Fourth Choice
Third Choice,First Choice,Second Choice,,
Fourth Choice,First Choice,,Second Choice,Third Choice
First Choice,Second Choice,Fourth Choice,,Third Choice
First Choice,Second Choice,Third Choice,Fourth Choice,Fifth Choice
Second Choice,Fourth Choice,Third Choice,First Choice,Fifth Choice
First Choice,,Second Choice,,
Fifth Choice,Third Choice,Fourth Choice,Second Choice,First Choice
First Choice,,,,
Second Choice,Third Choice,Fifth Choice,Fourth Choice,First Choice
,First Choice,Second Choice,Third Choice,Fourth Choice
Fourth Choice,Second Choice,First Choice,Third Choice,Fifth Choice
Fifth Choice,Third Choice,Second Choice,First Choice,Fourth Choice
,First Choice,,Second Choice,
Fifth Choice,Fourth Choice,Third Choice,First Choice,Second Choice
Fifth Choice,Fourth Choice,Third Choice,Second Choice,First Choice
,,,First Choice,Second Choice
Fourth Choice,Third Choice,Fifth Choice,First Choice,Second Choice
Fourth Choice,Third Choice,Second Choice,First Choice,Fifth Choice
First Choice,Third Choice,Fourth Choice,,Second Choice
Third Choice,First Choice,,,Second Choice
Fifth Choice,First Choice,Fourth Choice,Third Choice,Second Choice
Second Choice,First Choice,,,
First Choice,Second Choice,,,Third Choice
Third Choice,Fifth Choice,Second Choice,Fourth Choice,First Choice
First Choice,Second Choice,Fourth Choice,Fifth Choice,Third Choice
,First Choice,,,
,Third Choice,First Choice,Second Choice,Fourth Choice
Fourth Choice,Third Choice,First Choice,Second Choice,Fifth Choice
Fifth Choice,Third Choice,Second Choice,First Choice,Fourth Choice
Fourth Choice,Second Choice,First Choice,Third Choice,Fifth Choice
Third Choice,Second Choice,First Choice,Fifth Choice,Fourth Choice
Second Choice,Fifth Choice,First Choice,Third Choice,Fourth Choice
Third Choice,Second Choice,First Choice,Fifth Choice,Fourth Choice
Fifth Choice,Third Choice,Fourth Choice,First Choice,Second Choice
,,First Choice,Third Choice,
First Choice,Second Choice,Fourth Choice,Fifth Choice,Third Choice
First Choice,Fifth Choice,Third Choice,Second Choice,Fourth Choice
First Choice,Fifth Choice,Fourth Choice,Third Choice,Second Choice
Third Choice,Second Choice,Fourth Choice,Fifth Choice,First Choice
First Choice,Fifth Choice,Fourth Choice,Second Choice,Third Choice
Fifth Choice,Fourth Choice,Third Choice,First Choice,Second Choice
Fourth Choice,First Choice,Second Choice,Third Choice,Fifth Choice
Fourth Choice,Fifth Choice,Third Choice,First Choice,Second Choice
Second Choice,,,,First Choice
,,,Second Choice,First Choice
First Choice,Third Choice,Second Choice,Fifth Choice,Third Choice
Fourth Choice,Third Choice,Second Choice,First Choice,Fourth Choice
Third Choice,Second Choice,Fifth Choice,First Choice,Fourth Choice
First Choice,Fifth Choice,Fifth Choice,Fifth Choice,Fifth Choice